<?xml version="1.0" encoding="UTF-8"?>
<project-private xmlns="http://www.netbeans.org/ns/project-private/1">
    <editor-bookmarks xmlns="http://www.netbeans.org/ns/editor-bookmarks/2" lastBookmarkId="0"/>
    <open-files xmlns="http://www.netbeans.org/ns/projectui-open-files/2">
        <group>
            <file>file:/C:/Users/NEHA%20LAKHANI/Documents/NetBeansProjects/bank_management/src/bank_management/debit_card.java</file>
            <file>file:/C:/Users/NEHA%20LAKHANI/Documents/NetBeansProjects/bank_management/src/bank_management/about_contact.png</file>
            <file>file:/C:/Users/NEHA%20LAKHANI/Documents/NetBeansProjects/bank_management/src/bank_management/Bank_management.java</file>
            <file>file:/C:/Users/NEHA%20LAKHANI/Documents/NetBeansProjects/bank_management/src/bank_management/aboutus.java</file>
        </group>
    </open-files>
</project-private>
